/data4/kenkim/multiCH/Dereverb_4IR_no_noise/train/114_RIR_3_3927-6556-0030.pth,/home/kenkim/librispeech/txt/train/3927-6556-0030.txt,/home/kenkim/librispeech/feature_stft_complex_400ms/train/3927-6556-0030.pth,0.028123511763313673,0.030671084231209372,0.03373173771701199,0.025539881130111422,0.022551343974921905
/data4/kenkim/multiCH/Dereverb_4IR_no_noise/train/126_RIR_3_844-135042-0013.pth,/home/kenkim/librispeech/txt/train/844-135042-0013.txt,/home/kenkim/librispeech/feature_stft_complex_400ms/train/844-135042-0013.pth,0.03539275696024979,0.03202385600425724,0.04043511636275468,0.03864494745492745,0.030467108019059774
/data4/kenkim/multiCH/Dereverb_4IR_no_noise/train/183_RIR_4_1179-136599-0037.pth,/home/kenkim/librispeech/txt/train/1179-136599-0037.txt,/home/kenkim/librispeech/feature_stft_complex_400ms/train/1179-136599-0037.pth,0.037034993233205776,0.035610642579742516,0.044454952609250434,0.03879324110886386,0.0292811366349663
/data4/kenkim/multiCH/Dereverb_4IR_no_noise/train/62_RIR_2_7437-96157-0009.pth,/home/kenkim/librispeech/txt/train/7437-96157-0009.txt,/home/kenkim/librispeech/feature_stft_complex_400ms/train/7437-96157-0009.pth,0.04794545797596643,0.03738003815593725,0.05296912220386364,0.04774941569190459,0.053683255852160223
/data4/kenkim/multiCH/Dereverb_4IR_no_noise/train/122_RIR_3_1920-147026-0043.pth,/home/kenkim/librispeech/txt/train/1920-147026-0043.txt,/home/kenkim/librispeech/feature_stft_complex_400ms/train/1920-147026-0043.pth,0.0327805669824221,0.03484857291528671,0.034765238677514715,0.032674657282457206,0.02883379905442976
/data4/kenkim/multiCH/Dereverb_4IR_no_noise/train/31_RIR_1_1274-121770-0015.pth,/home/kenkim/librispeech/txt/train/1274-121770-0015.txt,/home/kenkim/librispeech/feature_stft_complex_400ms/train/1274-121770-0015.pth,0.030712816439087395,0.02703490594691672,0.03351747069589241,0.035190158237352206,0.027108730876188248
/data4/kenkim/multiCH/Dereverb_4IR_no_noise/train/195_RIR_4_483-125116-0029.pth,/home/kenkim/librispeech/txt/train/483-125116-0029.txt,/home/kenkim/librispeech/feature_stft_complex_400ms/train/483-125116-0029.pth,0.026695841364143456,0.02182727051109179,0.027979397116407574,0.029663618468338662,0.0273130793607358
/data4/kenkim/multiCH/Dereverb_4IR_no_noise/train/97_RIR_2_1165-135220-0013.pth,/home/kenkim/librispeech/txt/train/1165-135220-0013.txt,/home/kenkim/librispeech/feature_stft_complex_400ms/train/1165-135220-0013.pth,0.03927820178289084,0.03574841677339369,0.04331942151222592,0.03939668993008956,0.03864827891585419
/data4/kenkim/multiCH/Dereverb_4IR_no_noise/train/138_RIR_3_927-132462-0080.pth,/home/kenkim/librispeech/txt/train/927-132462-0080.txt,/home/kenkim/librispeech/feature_stft_complex_400ms/train/927-132462-0080.pth,0.029168056815918268,0.030161583045593313,0.034852341519589505,0.028542090798231442,0.023116211900258803
/data4/kenkim/multiCH/Dereverb_4IR_no_noise/train/51_RIR_2_4071-39616-0035.pth,/home/kenkim/librispeech/txt/train/4071-39616-0035.txt,/home/kenkim/librispeech/feature_stft_complex_400ms/train/4071-39616-0035.pth,0.04124301475512161,0.03549087056731447,0.04276957806908374,0.045287516031535885,0.04142409435255234
/data4/kenkim/multiCH/Dereverb_4IR_no_noise/train/185_RIR_4_1678-142279-0013.pth,/home/kenkim/librispeech/txt/train/1678-142279-0013.txt,/home/kenkim/librispeech/feature_stft_complex_400ms/train/1678-142279-0013.pth,0.022160631982513047,0.015802554180800184,0.033074466278331945,0.018164562773604315,0.021600944697315744
/data4/kenkim/multiCH/Dereverb_4IR_no_noise/train/145_RIR_3_245-122648-0060.pth,/home/kenkim/librispeech/txt/train/245-122648-0060.txt,/home/kenkim/librispeech/feature_stft_complex_400ms/train/245-122648-0060.pth,0.03378103480490378,0.03586212061156777,0.03876164681421072,0.032233269199534294,0.028267102594302318
/data4/kenkim/multiCH/Dereverb_4IR_no_noise/train/143_RIR_3_4344-53906-0000.pth,/home/kenkim/librispeech/txt/train/4344-53906-0000.txt,/home/kenkim/librispeech/feature_stft_complex_400ms/train/4344-53906-0000.pth,0.034885781130500136,0.03288094734113177,0.03588969044476431,0.037881304173831155,0.032891182562273295
/data4/kenkim/multiCH/Dereverb_4IR_no_noise/train/100_RIR_2_5183-116605-0038.pth,/home/kenkim/librispeech/txt/train/5183-116605-0038.txt,/home/kenkim/librispeech/feature_stft_complex_400ms/train/5183-116605-0038.pth,0.034971139375695674,0.0304982176081656,0.037371392170820805,0.03718176627763483,0.03483318144616146
/data4/kenkim/multiCH/Dereverb_4IR_no_noise/train/198_RIR_4_3132-167603-0025.pth,/home/kenkim/librispeech/txt/train/3132-167603-0025.txt,/home/kenkim/librispeech/feature_stft_complex_400ms/train/3132-167603-0025.pth,0.03640948619861869,0.030435668002830325,0.03593700207618722,0.042842243634291455,0.03642303108116576
/data4/kenkim/multiCH/Dereverb_4IR_no_noise/train/160_RIR_4_4331-57179-0032.pth,/home/kenkim/librispeech/txt/train/4331-57179-0032.txt,/home/kenkim/librispeech/feature_stft_complex_400ms/train/4331-57179-0032.pth,0.03400132400631187,0.032045982685397434,0.035521942957514555,0.03432332557970036,0.034114044802635114
/data4/kenkim/multiCH/Dereverb_4IR_no_noise/train/53_RIR_2_6549-71118-0042.pth,/home/kenkim/librispeech/txt/train/6549-71118-0042.txt,/home/kenkim/librispeech/feature_stft_complex_400ms/train/6549-71118-0042.pth,0.037395443267382616,0.03039851941349135,0.040940107846211486,0.04340966280644357,0.034833483003384055
/data4/kenkim/multiCH/Dereverb_4IR_no_noise/train/56_RIR_2_5688-15787-0030.pth,/home/kenkim/librispeech/txt/train/5688-15787-0030.txt,/home/kenkim/librispeech/feature_stft_complex_400ms/train/5688-15787-0030.pth,0.04177030067243147,0.03214734224635903,0.04677774508814316,0.042201191553767926,0.04595492380145574
/data4/kenkim/multiCH/Dereverb_4IR_no_noise/train/112_RIR_3_1961-149738-0012.pth,/home/kenkim/librispeech/txt/train/1961-149738-0012.txt,/home/kenkim/librispeech/feature_stft_complex_400ms/train/1961-149738-0012.pth,0.03776256062154358,0.04138637517039613,0.043191633658454714,0.03600787120049441,0.03046436245682908
/data4/kenkim/multiCH/Dereverb_4IR_no_noise/train/130_RIR_3_1693-142302-0059.pth,/home/kenkim/librispeech/txt/train/1693-142302-0059.txt,/home/kenkim/librispeech/feature_stft_complex_400ms/train/1693-142302-0059.pth,0.04034133595573365,0.040834397706869405,0.05189263558259408,0.03847989433007958,0.03015841620339155
/data4/kenkim/multiCH/Dereverb_4IR_no_noise/train/22_RIR_1_1184-135536-0027.pth,/home/kenkim/librispeech/txt/train/1184-135536-0027.txt,/home/kenkim/librispeech/feature_stft_complex_400ms/train/1184-135536-0027.pth,0.02790023791017039,0.024663293093449553,0.03101957840661656,0.032655024183315354,0.023263055957300095
/data4/kenkim/multiCH/Dereverb_4IR_no_noise/train/193_RIR_4_705-167610-0008.pth,/home/kenkim/librispeech/txt/train/705-167610-0008.txt,/home/kenkim/librispeech/feature_stft_complex_400ms/train/705-167610-0008.pth,0.025283413995801376,0.023047978822760454,0.028973016957935166,0.023391294740141712,0.025721365462368168
/data4/kenkim/multiCH/Dereverb_4IR_no_noise/train/79_RIR_2_7001-12337-0024.pth,/home/kenkim/librispeech/txt/train/7001-12337-0024.txt,/home/kenkim/librispeech/feature_stft_complex_400ms/train/7001-12337-0024.pth,0.04301628609219352,0.03564133155126622,0.04578146804793562,0.048703360932292314,0.04193898383727988
/data4/kenkim/multiCH/Dereverb_4IR_no_noise/train/63_RIR_2_118-121721-0015.pth,/home/kenkim/librispeech/txt/train/118-121721-0015.txt,/home/kenkim/librispeech/feature_stft_complex_400ms/train/118-121721-0015.pth,0.04549038145528743,0.03563714816337381,0.05054768541142882,0.04725085633799481,0.048525835908352286
/data4/kenkim/multiCH/Dereverb_4IR_no_noise/train/9_RIR_1_8119-115686-0052.pth,/home/kenkim/librispeech/txt/train/8119-115686-0052.txt,/home/kenkim/librispeech/feature_stft_complex_400ms/train/8119-115686-0052.pth,0.020531590783660455,0.020312316312556457,0.021681226697271055,0.021652180516299052,0.01848063960851526
/data4/kenkim/multiCH/Dereverb_4IR_no_noise/train/73_RIR_2_7898-273041-0015.pth,/home/kenkim/librispeech/txt/train/7898-273041-0015.txt,/home/kenkim/librispeech/feature_stft_complex_400ms/train/7898-273041-0015.pth,0.0382610975147075,0.026824550450038512,0.046984783912298225,0.03741091767782812,0.04182413801866514
/data4/kenkim/multiCH/Dereverb_4IR_no_noise/train/66_RIR_2_4791-25378-0008.pth,/home/kenkim/librispeech/txt/train/4791-25378-0008.txt,/home/kenkim/librispeech/feature_stft_complex_400ms/train/4791-25378-0008.pth,0.04015000353705234,0.035200101538477385,0.04197085650237871,0.04631270297428689,0.03711635313306635
/data4/kenkim/multiCH/Dereverb_4IR_no_noise/train/82_RIR_2_6211-62844-0023.pth,/home/kenkim/librispeech/txt/train/6211-62844-0023.txt,/home/kenkim/librispeech/feature_stft_complex_400ms/train/6211-62844-0023.pth,0.04312848925934389,0.036764481955755865,0.04768996131338749,0.04454349171872522,0.04351602204950697
/data4/kenkim/multiCH/Dereverb_4IR_no_noise/train/72_RIR_2_4948-28016-0040.pth,/home/kenkim/librispeech/txt/train/4948-28016-0040.txt,/home/kenkim/librispeech/feature_stft_complex_400ms/train/4948-28016-0040.pth,0.0432880048560201,0.03821006320635789,0.04767276795043706,0.04591554168035139,0.041353646586934044
/data4/kenkim/multiCH/Dereverb_4IR_no_noise/train/131_RIR_3_8713-300047-0001.pth,/home/kenkim/librispeech/txt/train/8713-300047-0001.txt,/home/kenkim/librispeech/feature_stft_complex_400ms/train/8713-300047-0001.pth,0.03337867643220996,0.03458695490983287,0.04137216370310964,0.030844723656683608,0.02671086345921369
/data4/kenkim/multiCH/Dereverb_4IR_no_noise/train/23_RIR_1_2339-181100-0022.pth,/home/kenkim/librispeech/txt/train/2339-181100-0022.txt,/home/kenkim/librispeech/feature_stft_complex_400ms/train/2339-181100-0022.pth,0.025048750943892258,0.021625695187064746,0.02562096079349422,0.029274152650437726,0.023674195144572335
/data4/kenkim/multiCH/Dereverb_4IR_no_noise/train/71_RIR_2_6625-70995-0041.pth,/home/kenkim/librispeech/txt/train/6625-70995-0041.txt,/home/kenkim/librispeech/feature_stft_complex_400ms/train/6625-70995-0041.pth,0.017948400774903867,0.01608946390099466,0.018631192382906375,0.01882801342224618,0.018244933393468256
/data4/kenkim/multiCH/Dereverb_4IR_no_noise/train/123_RIR_3_4443-3992-0033.pth,/home/kenkim/librispeech/txt/train/4443-3992-0033.txt,/home/kenkim/librispeech/feature_stft_complex_400ms/train/4443-3992-0033.pth,0.03006009761983612,0.030424959063810986,0.03539039241247688,0.030205957050104155,0.02421908195295247
/data4/kenkim/multiCH/Dereverb_4IR_no_noise/train/154_RIR_4_2198-151049-0038.pth,/home/kenkim/librispeech/txt/train/2198-151049-0038.txt,/home/kenkim/librispeech/feature_stft_complex_400ms/train/2198-151049-0038.pth,0.02692817016175396,0.023570497851083675,0.026794704031140454,0.030465940569924067,0.026881538194867646
/data4/kenkim/multiCH/Dereverb_4IR_no_noise/train/106_RIR_3_1384-130460-0019.pth,/home/kenkim/librispeech/txt/train/1384-130460-0019.txt,/home/kenkim/librispeech/feature_stft_complex_400ms/train/1384-130460-0019.pth,0.037226235708974396,0.03691427459742483,0.04162690537907844,0.037108248629123784,0.03325551423027054
/data4/kenkim/multiCH/Dereverb_4IR_no_noise/train/93_RIR_2_7117-86732-0023.pth,/home/kenkim/librispeech/txt/train/7117-86732-0023.txt,/home/kenkim/librispeech/feature_stft_complex_400ms/train/7117-86732-0023.pth,0.034214203294776896,0.02932625281479594,0.03590812849073576,0.037005587527653754,0.03461684434592213
/data4/kenkim/multiCH/Dereverb_4IR_no_noise/train/49_RIR_1_3486-166446-0032.pth,/home/kenkim/librispeech/txt/train/3486-166446-0032.txt,/home/kenkim/librispeech/feature_stft_complex_400ms/train/3486-166446-0032.pth,0.028054612119863966,0.02409441743793143,0.02958689974147108,0.03180973301186454,0.02672739828818882
/data4/kenkim/multiCH/Dereverb_4IR_no_noise/train/83_RIR_2_8394-96177-0071.pth,/home/kenkim/librispeech/txt/train/8394-96177-0071.txt,/home/kenkim/librispeech/feature_stft_complex_400ms/train/8394-96177-0071.pth,0.04238294065641992,0.03342537648050306,0.0489234293864442,0.0380125458774324,0.04917041088130002
/data4/kenkim/multiCH/Dereverb_4IR_no_noise/train/162_RIR_4_982-133222-0025.pth,/home/kenkim/librispeech/txt/train/982-133222-0025.txt,/home/kenkim/librispeech/feature_stft_complex_400ms/train/982-133222-0025.pth,0.03618620168108011,0.031073001226465183,0.037395587771702134,0.04028473762331299,0.03599148010284013
/data4/kenkim/multiCH/Dereverb_4IR_no_noise/train/105_RIR_3_6399-278844-0014.pth,/home/kenkim/librispeech/txt/train/6399-278844-0014.txt,/home/kenkim/librispeech/feature_stft_complex_400ms/train/6399-278844-0014.pth,0.03234992328713562,0.032567086285814,0.03673376980811474,0.032686981588777114,0.027411855465836604
/data4/kenkim/multiCH/Dereverb_4IR_no_noise/train/117_RIR_3_5375-40170-0022.pth,/home/kenkim/librispeech/txt/train/5375-40170-0022.txt,/home/kenkim/librispeech/feature_stft_complex_400ms/train/5375-40170-0022.pth,0.034326368570328725,0.03427671012854834,0.04269445325916017,0.03327198685996741,0.02706232403363899
/data4/kenkim/multiCH/Dereverb_4IR_no_noise/train/8_RIR_1_7826-107634-0011.pth,/home/kenkim/librispeech/txt/train/7826-107634-0011.txt,/home/kenkim/librispeech/feature_stft_complex_400ms/train/7826-107634-0011.pth,0.028744924169135287,0.024962374616776684,0.031440918929928556,0.032491406390934265,0.02608499673890163
/data4/kenkim/multiCH/Dereverb_4IR_no_noise/train/30_RIR_1_803-139753-0029.pth,/home/kenkim/librispeech/txt/train/803-139753-0029.txt,/home/kenkim/librispeech/feature_stft_complex_400ms/train/803-139753-0029.pth,0.031158014133997117,0.02591512308209695,0.033873607597697246,0.037164181599219435,0.02767914425697484
/data4/kenkim/multiCH/Dereverb_4IR_no_noise/train/13_RIR_1_6235-36641-0111.pth,/home/kenkim/librispeech/txt/train/6235-36641-0111.txt,/home/kenkim/librispeech/feature_stft_complex_400ms/train/6235-36641-0111.pth,0.029070033964985018,0.02564011612328141,0.032143068658790706,0.031829319035875756,0.026667632041992198
/data4/kenkim/multiCH/Dereverb_4IR_no_noise/train/29_RIR_1_5468-43611-0032.pth,/home/kenkim/librispeech/txt/train/5468-43611-0032.txt,/home/kenkim/librispeech/feature_stft_complex_400ms/train/5468-43611-0032.pth,0.02670362997995714,0.02463439199753163,0.029328504996930443,0.02732519823295265,0.02552642469241384
/data4/kenkim/multiCH/Dereverb_4IR_no_noise/train/89_RIR_2_1050-134120-0001.pth,/home/kenkim/librispeech/txt/train/1050-134120-0001.txt,/home/kenkim/librispeech/feature_stft_complex_400ms/train/1050-134120-0001.pth,0.03977662922243195,0.030821287835856928,0.044834026260861935,0.041023710397741046,0.04242749239526788
/data4/kenkim/multiCH/Dereverb_4IR_no_noise/train/42_RIR_1_1726-142316-0109.pth,/home/kenkim/librispeech/txt/train/1726-142316-0109.txt,/home/kenkim/librispeech/feature_stft_complex_400ms/train/1726-142316-0109.pth,0.03369587654325046,0.027952930036476333,0.037325628250120264,0.04016179823501037,0.02934314965139486
/data4/kenkim/multiCH/Dereverb_4IR_no_noise/train/44_RIR_1_4218-41146-0001.pth,/home/kenkim/librispeech/txt/train/4218-41146-0001.txt,/home/kenkim/librispeech/feature_stft_complex_400ms/train/4218-41146-0001.pth,0.027867606862593396,0.02523350203056796,0.03041395529470165,0.03127768283951422,0.024545287285589752
/data4/kenkim/multiCH/Dereverb_4IR_no_noise/train/60_RIR_2_4894-7788-0088.pth,/home/kenkim/librispeech/txt/train/4894-7788-0088.txt,/home/kenkim/librispeech/feature_stft_complex_400ms/train/4894-7788-0088.pth,0.039911092992890626,0.03215808356397254,0.043341025420983025,0.044310254924877446,0.03983500806172948
/data4/kenkim/multiCH/Dereverb_4IR_no_noise/train/64_RIR_2_7991-102381-0096.pth,/home/kenkim/librispeech/txt/train/7991-102381-0096.txt,/home/kenkim/librispeech/feature_stft_complex_400ms/train/7991-102381-0096.pth,0.03799811603057513,0.03274107732611281,0.04134612492852192,0.04012473692423413,0.03778052494343167
/data4/kenkim/multiCH/Dereverb_4IR_no_noise/train/68_RIR_2_5970-54413-0048.pth,/home/kenkim/librispeech/txt/train/5970-54413-0048.txt,/home/kenkim/librispeech/feature_stft_complex_400ms/train/5970-54413-0048.pth,0.039620619851059684,0.03575520077376458,0.043456672346944274,0.040277010922407035,0.03899359536112284
/data4/kenkim/multiCH/Dereverb_4IR_no_noise/train/107_RIR_3_5641-32124-0027.pth,/home/kenkim/librispeech/txt/train/5641-32124-0027.txt,/home/kenkim/librispeech/feature_stft_complex_400ms/train/5641-32124-0027.pth,0.03651081646014671,0.03802772496419846,0.043348294888977054,0.03637478197482154,0.028292464012589773
/data4/kenkim/multiCH/Dereverb_4IR_no_noise/train/179_RIR_4_2042-134780-0047.pth,/home/kenkim/librispeech/txt/train/2042-134780-0047.txt,/home/kenkim/librispeech/feature_stft_complex_400ms/train/2042-134780-0047.pth,0.03287847285891908,0.025967256787102676,0.03349954067614954,0.03886391437036708,0.033183179602057036
/data4/kenkim/multiCH/Dereverb_4IR_no_noise/train/12_RIR_1_2816-4136-0039.pth,/home/kenkim/librispeech/txt/train/2816-4136-0039.txt,/home/kenkim/librispeech/feature_stft_complex_400ms/train/2816-4136-0039.pth,0.025748670275836966,0.02306704159166555,0.027697305570960933,0.029090668776778045,0.023139665163943328
/data4/kenkim/multiCH/Dereverb_4IR_no_noise/train/14_RIR_1_1387-130989-0037.pth,/home/kenkim/librispeech/txt/train/1387-130989-0037.txt,/home/kenkim/librispeech/feature_stft_complex_400ms/train/1387-130989-0037.pth,0.028444344641328563,0.025505573289972338,0.031092754670488415,0.03206450647917977,0.025114544125673724
/data4/kenkim/multiCH/Dereverb_4IR_no_noise/train/161_RIR_4_8710-286293-0071.pth,/home/kenkim/librispeech/txt/train/8710-286293-0071.txt,/home/kenkim/librispeech/feature_stft_complex_400ms/train/8710-286293-0071.pth,0.029927253914526546,0.025294095452681853,0.03251022830914245,0.031267992202435285,0.030636699693846595
/data4/kenkim/multiCH/Dereverb_4IR_no_noise/train/28_RIR_1_3072-155949-0027.pth,/home/kenkim/librispeech/txt/train/3072-155949-0027.txt,/home/kenkim/librispeech/feature_stft_complex_400ms/train/3072-155949-0027.pth,0.028338596279175447,0.025829723629739954,0.03079971872375679,0.03231080916266128,0.02441413360054375
/data4/kenkim/multiCH/Dereverb_4IR_no_noise/train/4_RIR_1_5248-34500-0011.pth,/home/kenkim/librispeech/txt/train/5248-34500-0011.txt,/home/kenkim/librispeech/feature_stft_complex_400ms/train/5248-34500-0011.pth,0.029065039431966255,0.02506584062677897,0.03195509449059237,0.03459445477160273,0.02464476783889094
/data4/kenkim/multiCH/Dereverb_4IR_no_noise/train/121_RIR_3_479-134717-0032.pth,/home/kenkim/librispeech/txt/train/479-134717-0032.txt,/home/kenkim/librispeech/feature_stft_complex_400ms/train/479-134717-0032.pth,0.0423188147587924,0.041498654372478974,0.04578901476845535,0.04483406000868771,0.03715352988554753
/data4/kenkim/multiCH/Dereverb_4IR_no_noise/train/95_RIR_2_89-218-0043.pth,/home/kenkim/librispeech/txt/train/89-218-0043.txt,/home/kenkim/librispeech/feature_stft_complex_400ms/train/89-218-0043.pth,0.0400438993473402,0.034756432571463804,0.042083623110019536,0.04370650973944824,0.03962903196842922
/data4/kenkim/multiCH/Dereverb_4IR_no_noise/train/180_RIR_4_6962-47545-0062.pth,/home/kenkim/librispeech/txt/train/6962-47545-0062.txt,/home/kenkim/librispeech/feature_stft_complex_400ms/train/6962-47545-0062.pth,0.029595937506644247,0.026721314360673522,0.032623009978432746,0.02941960710519227,0.029619818582278457
/data4/kenkim/multiCH/Dereverb_4IR_no_noise/train/144_RIR_3_7837-109174-0003.pth,/home/kenkim/librispeech/txt/train/7837-109174-0003.txt,/home/kenkim/librispeech/feature_stft_complex_400ms/train/7837-109174-0003.pth,0.03620192587337217,0.038627972794181176,0.043973063613999636,0.03481270896971836,0.027393958115589503
/data4/kenkim/multiCH/Dereverb_4IR_no_noise/train/67_RIR_2_3857-182317-0021.pth,/home/kenkim/librispeech/txt/train/3857-182317-0021.txt,/home/kenkim/librispeech/feature_stft_complex_400ms/train/3857-182317-0021.pth,0.03898019188879004,0.029185250220901487,0.04032663993903826,0.04721430626690795,0.03919457112831245
/data4/kenkim/multiCH/Dereverb_4IR_no_noise/train/5_RIR_1_2262-141714-0021.pth,/home/kenkim/librispeech/txt/train/2262-141714-0021.txt,/home/kenkim/librispeech/feature_stft_complex_400ms/train/2262-141714-0021.pth,0.02751708426965519,0.023508228232939184,0.029572373507310044,0.030740351513107105,0.026247383825264425
/data4/kenkim/multiCH/Dereverb_4IR_no_noise/train/98_RIR_2_8200-278238-0002.pth,/home/kenkim/librispeech/txt/train/8200-278238-0002.txt,/home/kenkim/librispeech/feature_stft_complex_400ms/train/8200-278238-0002.pth,0.03967677405414202,0.0330612186445975,0.04767069557675466,0.034877411208465756,0.04309777078675018
/data4/kenkim/multiCH/Dereverb_4IR_no_noise/train/96_RIR_2_3967-29012-0041.pth,/home/kenkim/librispeech/txt/train/3967-29012-0041.txt,/home/kenkim/librispeech/feature_stft_complex_400ms/train/3967-29012-0041.pth,0.04691848209741598,0.041010968690546594,0.052032950791900734,0.04733983975957795,0.04729016914763865
/data4/kenkim/multiCH/Dereverb_4IR_no_noise/train/176_RIR_4_6978-92210-0009.pth,/home/kenkim/librispeech/txt/train/6978-92210-0009.txt,/home/kenkim/librispeech/feature_stft_complex_400ms/train/6978-92210-0009.pth,0.02801577630822743,0.022208367386154323,0.02685932511795043,0.033434441930306355,0.02956097079849861
/data4/kenkim/multiCH/Dereverb_4IR_no_noise/train/146_RIR_3_7708-296091-0000.pth,/home/kenkim/librispeech/txt/train/7708-296091-0000.txt,/home/kenkim/librispeech/feature_stft_complex_400ms/train/7708-296091-0000.pth,0.03531582313570348,0.04313450121855389,0.04022447874256466,0.030478422447581227,0.027425890134114145
/data4/kenkim/multiCH/Dereverb_4IR_no_noise/train/177_RIR_4_3370-163384-0018.pth,/home/kenkim/librispeech/txt/train/3370-163384-0018.txt,/home/kenkim/librispeech/feature_stft_complex_400ms/train/3370-163384-0018.pth,0.03521086874974289,0.030127747909848537,0.035413455567976225,0.03968469944283949,0.03561757207830731
/data4/kenkim/multiCH/Dereverb_4IR_no_noise/train/69_RIR_2_6685-70977-0009.pth,/home/kenkim/librispeech/txt/train/6685-70977-0009.txt,/home/kenkim/librispeech/feature_stft_complex_400ms/train/6685-70977-0009.pth,0.03555062584148129,0.029600677967876125,0.03581224908858403,0.040820314346774404,0.03596926196269058
/data4/kenkim/multiCH/Dereverb_4IR_no_noise/train/153_RIR_4_1674-142298-0024.pth,/home/kenkim/librispeech/txt/train/1674-142298-0024.txt,/home/kenkim/librispeech/feature_stft_complex_400ms/train/1674-142298-0024.pth,0.028885905702420903,0.02296580329914074,0.029141362136838083,0.03351105635121506,0.02992540102248973
/data4/kenkim/multiCH/Dereverb_4IR_no_noise/train/33_RIR_1_622-121659-0034.pth,/home/kenkim/librispeech/txt/train/622-121659-0034.txt,/home/kenkim/librispeech/feature_stft_complex_400ms/train/622-121659-0034.pth,0.027838442262467906,0.025415837600524935,0.02954768135593,0.0304656042053166,0.025924645888100083
/data4/kenkim/multiCH/Dereverb_4IR_no_noise/train/108_RIR_3_2592-5341-0040.pth,/home/kenkim/librispeech/txt/train/2592-5341-0040.txt,/home/kenkim/librispeech/feature_stft_complex_400ms/train/2592-5341-0040.pth,0.04220681452093978,0.04451389447721144,0.04584293412156912,0.040390548995613416,0.03807988048936515
/data4/kenkim/multiCH/Dereverb_4IR_no_noise/train/3_RIR_1_9000-282380-0053.pth,/home/kenkim/librispeech/txt/train/9000-282380-0053.txt,/home/kenkim/librispeech/feature_stft_complex_400ms/train/9000-282380-0053.pth,0.02838528754312529,0.023865468908521342,0.030444455971875548,0.03290577475698601,0.026325450535118256
/data4/kenkim/multiCH/Dereverb_4IR_no_noise/train/190_RIR_4_8799-291938-0029.pth,/home/kenkim/librispeech/txt/train/8799-291938-0029.txt,/home/kenkim/librispeech/feature_stft_complex_400ms/train/8799-291938-0029.pth,0.03359420845414761,0.029319734211794884,0.03446929460578411,0.036466340491157344,0.034121464507854124
/data4/kenkim/multiCH/Dereverb_4IR_no_noise/train/58_RIR_2_5239-31629-0000.pth,/home/kenkim/librispeech/txt/train/5239-31629-0000.txt,/home/kenkim/librispeech/feature_stft_complex_400ms/train/5239-31629-0000.pth,0.03625340271939537,0.029742837108923198,0.03830494478319684,0.0413160918495559,0.03564973713590554
/data4/kenkim/multiCH/Dereverb_4IR_no_noise/train/46_RIR_1_2089-148992-0007.pth,/home/kenkim/librispeech/txt/train/2089-148992-0007.txt,/home/kenkim/librispeech/feature_stft_complex_400ms/train/2089-148992-0007.pth,0.03158245518218388,0.03150936836043874,0.03283967976688807,0.03078906688624372,0.031191705715164986
/data4/kenkim/multiCH/Dereverb_4IR_no_noise/train/27_RIR_1_369-125882-0021.pth,/home/kenkim/librispeech/txt/train/369-125882-0021.txt,/home/kenkim/librispeech/feature_stft_complex_400ms/train/369-125882-0021.pth,0.03014708371531145,0.025690316767018745,0.030776103065489828,0.036310284278963136,0.027811630749774094
/data4/kenkim/multiCH/Dereverb_4IR_no_noise/train/142_RIR_3_1603-140931-0023.pth,/home/kenkim/librispeech/txt/train/1603-140931-0023.txt,/home/kenkim/librispeech/feature_stft_complex_400ms/train/1603-140931-0023.pth,0.03556689292605669,0.03484568157643882,0.04042620446113114,0.0351979039438646,0.031797781722792226
/data4/kenkim/multiCH/Dereverb_4IR_no_noise/train/24_RIR_1_4957-36386-0011.pth,/home/kenkim/librispeech/txt/train/4957-36386-0011.txt,/home/kenkim/librispeech/feature_stft_complex_400ms/train/4957-36386-0011.pth,0.02806588073820242,0.024579574271757845,0.029127870549441135,0.03198586261783966,0.026570215513771048
/data4/kenkim/multiCH/Dereverb_4IR_no_noise/train/18_RIR_1_1387-130989-0003.pth,/home/kenkim/librispeech/txt/train/1387-130989-0003.txt,/home/kenkim/librispeech/feature_stft_complex_400ms/train/1387-130989-0003.pth,0.02876892453242045,0.025241245328327697,0.03167624592722947,0.03289397916585318,0.025264227708271435
/data4/kenkim/multiCH/Dereverb_4IR_no_noise/train/147_RIR_3_679-155529-0043.pth,/home/kenkim/librispeech/txt/train/679-155529-0043.txt,/home/kenkim/librispeech/feature_stft_complex_400ms/train/679-155529-0043.pth,0.02870352584684558,0.02960784737906151,0.032773917185837095,0.027347532151823697,0.02508480667066002
/data4/kenkim/multiCH/Dereverb_4IR_no_noise/train/140_RIR_3_7348-86748-0029.pth,/home/kenkim/librispeech/txt/train/7348-86748-0029.txt,/home/kenkim/librispeech/feature_stft_complex_400ms/train/7348-86748-0029.pth,0.033922236799304346,0.033994212864007,0.0398153864015614,0.03395324245103119,0.027926105480617792
/data4/kenkim/multiCH/Dereverb_4IR_no_noise/train/103_RIR_3_614-161065-0020.pth,/home/kenkim/librispeech/txt/train/614-161065-0020.txt,/home/kenkim/librispeech/feature_stft_complex_400ms/train/614-161065-0020.pth,0.03386180237656314,0.036251894297023524,0.037904458386765906,0.033253935781249286,0.02803692104121385
/data4/kenkim/multiCH/Dereverb_4IR_no_noise/train/61_RIR_2_3665-8587-0071.pth,/home/kenkim/librispeech/txt/train/3665-8587-0071.txt,/home/kenkim/librispeech/feature_stft_complex_400ms/train/3665-8587-0071.pth,0.040756197617856225,0.03624627399466409,0.042908918728707265,0.0417561738994228,0.04211342384863076
/data4/kenkim/multiCH/Dereverb_4IR_no_noise/train/187_RIR_4_6954-76579-0093.pth,/home/kenkim/librispeech/txt/train/6954-76579-0093.txt,/home/kenkim/librispeech/feature_stft_complex_400ms/train/6954-76579-0093.pth,0.027520367071954654,0.022731674178244624,0.029008141523409567,0.030104230747955985,0.028237421838208446
/data4/kenkim/multiCH/Dereverb_4IR_no_noise/train/110_RIR_3_5239-31629-0037.pth,/home/kenkim/librispeech/txt/train/5239-31629-0037.txt,/home/kenkim/librispeech/feature_stft_complex_400ms/train/5239-31629-0037.pth,0.0347947646479254,0.036235157359771605,0.04054333380110208,0.034201247445976135,0.02819931998485177
/data4/kenkim/multiCH/Dereverb_4IR_no_noise/train/59_RIR_2_2967-4901-0013.pth,/home/kenkim/librispeech/txt/train/2967-4901-0013.txt,/home/kenkim/librispeech/feature_stft_complex_400ms/train/2967-4901-0013.pth,0.044554848137986776,0.03734704075783537,0.048103049724095494,0.0479028260042676,0.044866476065748645
/data4/kenkim/multiCH/Dereverb_4IR_no_noise/train/2_RIR_1_8028-233382-0064.pth,/home/kenkim/librispeech/txt/train/8028-233382-0064.txt,/home/kenkim/librispeech/feature_stft_complex_400ms/train/8028-233382-0064.pth,0.024501935281365822,0.023157197652187184,0.0255728805824319,0.027092059545442592,0.0221856033454016
/data4/kenkim/multiCH/Dereverb_4IR_no_noise/train/17_RIR_1_1225-129526-0028.pth,/home/kenkim/librispeech/txt/train/1225-129526-0028.txt,/home/kenkim/librispeech/feature_stft_complex_400ms/train/1225-129526-0028.pth,0.030864334618382505,0.027763334162919866,0.03376594414901555,0.033911133325624704,0.02801692683596991
/data4/kenkim/multiCH/Dereverb_4IR_no_noise/train/116_RIR_3_16-122828-0029.pth,/home/kenkim/librispeech/txt/train/16-122828-0029.txt,/home/kenkim/librispeech/feature_stft_complex_400ms/train/16-122828-0029.pth,0.037946271390629,0.03672756536378673,0.04077337068750761,0.039328576717027317,0.03495557279419434
/data4/kenkim/multiCH/Dereverb_4IR_no_noise/train/74_RIR_2_4133-6541-0046.pth,/home/kenkim/librispeech/txt/train/4133-6541-0046.txt,/home/kenkim/librispeech/feature_stft_complex_400ms/train/4133-6541-0046.pth,0.033260011174569254,0.025851917844549273,0.03469799453519815,0.03823202680054507,0.03425810551798451
/data4/kenkim/multiCH/Dereverb_4IR_no_noise/train/48_RIR_1_6509-76574-0026.pth,/home/kenkim/librispeech/txt/train/6509-76574-0026.txt,/home/kenkim/librispeech/feature_stft_complex_400ms/train/6509-76574-0026.pth,0.030204845641292437,0.026081732840237556,0.03328161433952816,0.03210466685272013,0.02935136853268392
/data4/kenkim/multiCH/Dereverb_4IR_no_noise/train/141_RIR_3_6509-67147-0004.pth,/home/kenkim/librispeech/txt/train/6509-67147-0004.txt,/home/kenkim/librispeech/feature_stft_complex_400ms/train/6509-67147-0004.pth,0.039269195786471076,0.039918599813143434,0.04264776411687242,0.039670169083179836,0.03484025013268864
/data4/kenkim/multiCH/Dereverb_4IR_no_noise/train/81_RIR_2_246-122825-0022.pth,/home/kenkim/librispeech/txt/train/246-122825-0022.txt,/home/kenkim/librispeech/feature_stft_complex_400ms/train/246-122825-0022.pth,0.04089331009340652,0.03483662035468653,0.04620796355020279,0.04048823487394517,0.042040421594791585
/data4/kenkim/multiCH/Dereverb_4IR_no_noise/train/132_RIR_3_1685-146845-0021.pth,/home/kenkim/librispeech/txt/train/1685-146845-0021.txt,/home/kenkim/librispeech/feature_stft_complex_400ms/train/1685-146845-0021.pth,0.02465280768050248,0.02611803086668626,0.029057306145072178,0.02360625044618716,0.019829643264064313
/data4/kenkim/multiCH/Dereverb_4IR_no_noise/train/164_RIR_4_4222-187005-0024.pth,/home/kenkim/librispeech/txt/train/4222-187005-0024.txt,/home/kenkim/librispeech/feature_stft_complex_400ms/train/4222-187005-0024.pth,0.033029523784636555,0.029750739044969887,0.036303207545169816,0.03452754554595834,0.03153660300244818
/data4/kenkim/multiCH/Dereverb_4IR_no_noise/train/196_RIR_4_7957-39967-0036.pth,/home/kenkim/librispeech/txt/train/7957-39967-0036.txt,/home/kenkim/librispeech/feature_stft_complex_400ms/train/7957-39967-0036.pth,0.03344286663474429,0.02680011343378385,0.03495558848158986,0.03854512818189794,0.033470636441705504
/data4/kenkim/multiCH/Dereverb_4IR_no_noise/train/165_RIR_4_2570-157243-0009.pth,/home/kenkim/librispeech/txt/train/2570-157243-0009.txt,/home/kenkim/librispeech/feature_stft_complex_400ms/train/2570-157243-0009.pth,0.0357932590361716,0.03440675584515566,0.038334433650262685,0.036804782339995096,0.03362706430927296
/data4/kenkim/multiCH/Dereverb_4IR_no_noise/train/149_RIR_3_3072-155949-0011.pth,/home/kenkim/librispeech/txt/train/3072-155949-0011.txt,/home/kenkim/librispeech/feature_stft_complex_400ms/train/3072-155949-0011.pth,0.034042592707041235,0.03469579847141944,0.03967554966432778,0.0334317006810217,0.028367322011396016
/data4/kenkim/multiCH/Dereverb_4IR_no_noise/train/133_RIR_3_7333-94829-0034.pth,/home/kenkim/librispeech/txt/train/7333-94829-0034.txt,/home/kenkim/librispeech/feature_stft_complex_400ms/train/7333-94829-0034.pth,0.037526583779188966,0.036981338639325956,0.044539701030246265,0.038312559202071404,0.030272736245112224
/data4/kenkim/multiCH/Dereverb_4IR_no_noise/train/175_RIR_4_1053-132821-0030.pth,/home/kenkim/librispeech/txt/train/1053-132821-0030.txt,/home/kenkim/librispeech/feature_stft_complex_400ms/train/1053-132821-0030.pth,0.03650962828369531,0.03285036126523391,0.04167894893418703,0.03743217822503328,0.03407702471032703
/data4/kenkim/multiCH/Dereverb_4IR_no_noise/train/157_RIR_4_5190-87791-0053.pth,/home/kenkim/librispeech/txt/train/5190-87791-0053.txt,/home/kenkim/librispeech/feature_stft_complex_400ms/train/5190-87791-0053.pth,0.027378673099614097,0.02350210693006856,0.027393643920100588,0.03032453653295305,0.028294405015334183
/data4/kenkim/multiCH/Dereverb_4IR_no_noise/train/77_RIR_2_5746-48362-0051.pth,/home/kenkim/librispeech/txt/train/5746-48362-0051.txt,/home/kenkim/librispeech/feature_stft_complex_400ms/train/5746-48362-0051.pth,0.03453091740936942,0.027392531064963442,0.035583666539248604,0.04057380080415854,0.03457367122910708
/data4/kenkim/multiCH/Dereverb_4IR_no_noise/train/32_RIR_1_91-123521-0008.pth,/home/kenkim/librispeech/txt/train/91-123521-0008.txt,/home/kenkim/librispeech/feature_stft_complex_400ms/train/91-123521-0008.pth,0.029375034009936976,0.027487581032110738,0.03154882265065021,0.03165534245662367,0.02680838990036329
/data4/kenkim/multiCH/Dereverb_4IR_no_noise/train/84_RIR_2_666-11244-0007.pth,/home/kenkim/librispeech/txt/train/666-11244-0007.txt,/home/kenkim/librispeech/feature_stft_complex_400ms/train/666-11244-0007.pth,0.034036072294701306,0.030961677622484224,0.0348841159324057,0.0355418670977569,0.03475662852615842
/data4/kenkim/multiCH/Dereverb_4IR_no_noise/train/41_RIR_1_2764-36619-0022.pth,/home/kenkim/librispeech/txt/train/2764-36619-0022.txt,/home/kenkim/librispeech/feature_stft_complex_400ms/train/2764-36619-0022.pth,0.029729754809541604,0.028066222802642028,0.03037398416360863,0.032224790412747034,0.02825402185916872
/data4/kenkim/multiCH/Dereverb_4IR_no_noise/train/11_RIR_1_2688-144987-0060.pth,/home/kenkim/librispeech/txt/train/2688-144987-0060.txt,/home/kenkim/librispeech/feature_stft_complex_400ms/train/2688-144987-0060.pth,0.030049134169896186,0.02784033387662012,0.03266901511248562,0.03275861211239956,0.02692857557807945
/data4/kenkim/multiCH/Dereverb_4IR_no_noise/train/150_RIR_3_4020-180289-0022.pth,/home/kenkim/librispeech/txt/train/4020-180289-0022.txt,/home/kenkim/librispeech/feature_stft_complex_400ms/train/4020-180289-0022.pth,0.034291307612631466,0.03448841059497824,0.04153747157569737,0.03395027270220998,0.02718907557764027
/data4/kenkim/multiCH/Dereverb_4IR_no_noise/train/191_RIR_4_4598-2503-0033.pth,/home/kenkim/librispeech/txt/train/4598-2503-0033.txt,/home/kenkim/librispeech/feature_stft_complex_400ms/train/4598-2503-0033.pth,0.028354162690291583,0.024560374558362505,0.02948415006264299,0.031240832557051724,0.028131293583109115
/data4/kenkim/multiCH/Dereverb_4IR_no_noise/train/6_RIR_1_7208-7772-0003.pth,/home/kenkim/librispeech/txt/train/7208-7772-0003.txt,/home/kenkim/librispeech/feature_stft_complex_400ms/train/7208-7772-0003.pth,0.0315971083213706,0.02643588415907692,0.035866376676292895,0.03467630311370771,0.02940986933640489
/data4/kenkim/multiCH/Dereverb_4IR_no_noise/train/10_RIR_1_4853-27670-0016.pth,/home/kenkim/librispeech/txt/train/4853-27670-0016.txt,/home/kenkim/librispeech/feature_stft_complex_400ms/train/4853-27670-0016.pth,0.02836302140226432,0.02611524368027637,0.03156621112583169,0.03016206362155304,0.02560856718139617
/data4/kenkim/multiCH/Dereverb_4IR_no_noise/train/182_RIR_4_7708-293973-0030.pth,/home/kenkim/librispeech/txt/train/7708-293973-0030.txt,/home/kenkim/librispeech/feature_stft_complex_400ms/train/7708-293973-0030.pth,0.033736040348164284,0.028954240402868713,0.03300815461199088,0.03808227689453126,0.03489948948326628
/data4/kenkim/multiCH/Dereverb_4IR_no_noise/train/39_RIR_1_4193-48170-0033.pth,/home/kenkim/librispeech/txt/train/4193-48170-0033.txt,/home/kenkim/librispeech/feature_stft_complex_400ms/train/4193-48170-0033.pth,0.03180136799748756,0.029426093043301797,0.03482266245636108,0.034631741311730344,0.028324975178557026
/data4/kenkim/multiCH/Dereverb_4IR_no_noise/train/1_RIR_1_7463-99912-0035.pth,/home/kenkim/librispeech/txt/train/7463-99912-0035.txt,/home/kenkim/librispeech/feature_stft_complex_400ms/train/7463-99912-0035.pth,0.029850829404121527,0.025745383705571785,0.03186878716292084,0.0346247215399827,0.027164425208010785
/data4/kenkim/multiCH/Dereverb_4IR_no_noise/train/197_RIR_4_3025-12971-0089.pth,/home/kenkim/librispeech/txt/train/3025-12971-0089.txt,/home/kenkim/librispeech/feature_stft_complex_400ms/train/3025-12971-0089.pth,0.033922499703645234,0.028708590836272526,0.03423531116946221,0.0375834212956766,0.03516267551316958
/data4/kenkim/multiCH/Dereverb_4IR_no_noise/train/38_RIR_1_1349-135892-0062.pth,/home/kenkim/librispeech/txt/train/1349-135892-0062.txt,/home/kenkim/librispeech/feature_stft_complex_400ms/train/1349-135892-0062.pth,0.02716252835856018,0.02555900827007676,0.02979410461235181,0.029713918766506704,0.02358308178530543
/data4/kenkim/multiCH/Dereverb_4IR_no_noise/train/35_RIR_1_2448-163517-0014.pth,/home/kenkim/librispeech/txt/train/2448-163517-0014.txt,/home/kenkim/librispeech/feature_stft_complex_400ms/train/2448-163517-0014.pth,0.029834254046979505,0.027242283538722028,0.032822065444243896,0.03347717925724699,0.0257954879477051
/data4/kenkim/multiCH/Dereverb_4IR_no_noise/train/86_RIR_2_3285-121401-0054.pth,/home/kenkim/librispeech/txt/train/3285-121401-0054.txt,/home/kenkim/librispeech/feature_stft_complex_400ms/train/3285-121401-0054.pth,0.03709098960750471,0.032140535126192846,0.038897821720686745,0.04083359878711661,0.03649200279602265
/data4/kenkim/multiCH/Dereverb_4IR_no_noise/train/166_RIR_4_369-125882-0007.pth,/home/kenkim/librispeech/txt/train/369-125882-0007.txt,/home/kenkim/librispeech/feature_stft_complex_400ms/train/369-125882-0007.pth,0.027291689423396322,0.022701484662834254,0.027729887703272362,0.031148073662337322,0.027587311665141348
/data4/kenkim/multiCH/Dereverb_4IR_no_noise/train/135_RIR_3_3807-4955-0018.pth,/home/kenkim/librispeech/txt/train/3807-4955-0018.txt,/home/kenkim/librispeech/feature_stft_complex_400ms/train/3807-4955-0018.pth,0.034413594554852815,0.034362597904860126,0.04102785923890572,0.03441614989985779,0.027847771175787607
/data4/kenkim/multiCH/Dereverb_4IR_no_noise/train/75_RIR_2_7337-89742-0056.pth,/home/kenkim/librispeech/txt/train/7337-89742-0056.txt,/home/kenkim/librispeech/feature_stft_complex_400ms/train/7337-89742-0056.pth,0.040266353893303845,0.03354110460249957,0.04103933741006364,0.04416895574606425,0.04231601781458792
/data4/kenkim/multiCH/Dereverb_4IR_no_noise/train/76_RIR_2_1920-1793-0083.pth,/home/kenkim/librispeech/txt/train/1920-1793-0083.txt,/home/kenkim/librispeech/feature_stft_complex_400ms/train/1920-1793-0083.pth,0.03886992845039478,0.032854067167373,0.04074630556574718,0.04162230881066833,0.04025703225779062
/data4/kenkim/multiCH/Dereverb_4IR_no_noise/train/111_RIR_3_7012-75354-0000.pth,/home/kenkim/librispeech/txt/train/7012-75354-0000.txt,/home/kenkim/librispeech/feature_stft_complex_400ms/train/7012-75354-0000.pth,0.03419753364564728,0.0372399371546807,0.0363400955557575,0.034072146500566926,0.02913795537158401
/data4/kenkim/multiCH/Dereverb_4IR_no_noise/train/80_RIR_2_5894-64100-0019.pth,/home/kenkim/librispeech/txt/train/5894-64100-0019.txt,/home/kenkim/librispeech/feature_stft_complex_400ms/train/5894-64100-0019.pth,0.03331974959792677,0.028804253616176115,0.03510801664704111,0.0361731357883044,0.033193592340185464
/data4/kenkim/multiCH/Dereverb_4IR_no_noise/train/36_RIR_1_3912-82271-0010.pth,/home/kenkim/librispeech/txt/train/3912-82271-0010.txt,/home/kenkim/librispeech/feature_stft_complex_400ms/train/3912-82271-0010.pth,0.03366257135996897,0.02843857351640129,0.036572450595707504,0.03963282221954989,0.03000643910821717
/data4/kenkim/multiCH/Dereverb_4IR_no_noise/train/118_RIR_3_606-121661-0031.pth,/home/kenkim/librispeech/txt/train/606-121661-0031.txt,/home/kenkim/librispeech/feature_stft_complex_400ms/train/606-121661-0031.pth,0.03251281866309068,0.033208032855806806,0.03591825932610755,0.033060961587047764,0.027864020883400585
/data4/kenkim/multiCH/Dereverb_4IR_no_noise/train/188_RIR_4_1494-138315-0005.pth,/home/kenkim/librispeech/txt/train/1494-138315-0005.txt,/home/kenkim/librispeech/feature_stft_complex_400ms/train/1494-138315-0005.pth,0.02540232451951903,0.021567848283354837,0.02542819454960241,0.02854125792135604,0.02607199732376284
/data4/kenkim/multiCH/Dereverb_4IR_no_noise/train/184_RIR_4_1343-158796-0026.pth,/home/kenkim/librispeech/txt/train/1343-158796-0026.txt,/home/kenkim/librispeech/feature_stft_complex_400ms/train/1343-158796-0026.pth,0.032124012530661744,0.02792989458019532,0.0352114460750345,0.034369033378685084,0.03098567608873206
/data4/kenkim/multiCH/Dereverb_4IR_no_noise/train/173_RIR_4_2110-161101-0007.pth,/home/kenkim/librispeech/txt/train/2110-161101-0007.txt,/home/kenkim/librispeech/feature_stft_complex_400ms/train/2110-161101-0007.pth,0.029695904623660372,0.02386254266912814,0.02913906498371992,0.03472261112278766,0.031059399719005776
/data4/kenkim/multiCH/Dereverb_4IR_no_noise/train/65_RIR_2_2518-154826-0033.pth,/home/kenkim/librispeech/txt/train/2518-154826-0033.txt,/home/kenkim/librispeech/feature_stft_complex_400ms/train/2518-154826-0033.pth,0.034715554117860724,0.028813314237145116,0.03602870746076889,0.03759194640187477,0.03642824837165413
/data4/kenkim/multiCH/Dereverb_4IR_no_noise/train/45_RIR_1_2110-161100-0031.pth,/home/kenkim/librispeech/txt/train/2110-161100-0031.txt,/home/kenkim/librispeech/feature_stft_complex_400ms/train/2110-161100-0031.pth,0.029395081988122566,0.026346637383356835,0.030884733839613987,0.033569407282814503,0.02677954944670494
/data4/kenkim/multiCH/Dereverb_4IR_no_noise/train/189_RIR_4_6713-56749-0044.pth,/home/kenkim/librispeech/txt/train/6713-56749-0044.txt,/home/kenkim/librispeech/feature_stft_complex_400ms/train/6713-56749-0044.pth,0.02431543826824606,0.020599150337547792,0.02631166498325202,0.025840279814387457,0.024510657937796974
/data4/kenkim/multiCH/Dereverb_4IR_no_noise/train/37_RIR_1_4594-902-0077.pth,/home/kenkim/librispeech/txt/train/4594-902-0077.txt,/home/kenkim/librispeech/feature_stft_complex_400ms/train/4594-902-0077.pth,0.03681817349388697,0.03779855874998901,0.039586977021964856,0.03713920434824996,0.03274795385534405
/data4/kenkim/multiCH/Dereverb_4IR_no_noise/train/115_RIR_3_8040-260923-0012.pth,/home/kenkim/librispeech/txt/train/8040-260923-0012.txt,/home/kenkim/librispeech/feature_stft_complex_400ms/train/8040-260923-0012.pth,0.037679192065263316,0.039848869977717416,0.04584346735762665,0.03698378730939617,0.028040643616313032
/data4/kenkim/multiCH/Dereverb_4IR_no_noise/train/129_RIR_3_1347-135885-0002.pth,/home/kenkim/librispeech/txt/train/1347-135885-0002.txt,/home/kenkim/librispeech/feature_stft_complex_400ms/train/1347-135885-0002.pth,0.0302748675211187,0.03120418250147957,0.03642356241072798,0.02903719418630362,0.024434530985963633
/data4/kenkim/multiCH/Dereverb_4IR_no_noise/train/127_RIR_3_2159-179154-0028.pth,/home/kenkim/librispeech/txt/train/2159-179154-0028.txt,/home/kenkim/librispeech/feature_stft_complex_400ms/train/2159-179154-0028.pth,0.03234698440339495,0.03254039886505454,0.03734731668008104,0.03211715362039462,0.02738306844804962
/data4/kenkim/multiCH/Dereverb_4IR_no_noise/train/200_RIR_4_2393-144496-0104.pth,/home/kenkim/librispeech/txt/train/2393-144496-0104.txt,/home/kenkim/librispeech/feature_stft_complex_400ms/train/2393-144496-0104.pth,0.03157717914036676,0.02825532582639169,0.040078440792375075,0.028038981326626956,0.029935968616073325
/data4/kenkim/multiCH/Dereverb_4IR_no_noise/train/167_RIR_4_8148-3956-0084.pth,/home/kenkim/librispeech/txt/train/8148-3956-0084.txt,/home/kenkim/librispeech/feature_stft_complex_400ms/train/8148-3956-0084.pth,0.025171033704473128,0.02042233874832775,0.027491881258568458,0.026095861488159004,0.0266740533228373
/data4/kenkim/multiCH/Dereverb_4IR_no_noise/train/91_RIR_2_4936-28619-0009.pth,/home/kenkim/librispeech/txt/train/4936-28619-0009.txt,/home/kenkim/librispeech/feature_stft_complex_400ms/train/4936-28619-0009.pth,0.038279575172738584,0.03298101464450945,0.04105129186742157,0.041582178013368276,0.037503816165655034
/data4/kenkim/multiCH/Dereverb_4IR_no_noise/train/52_RIR_2_1970-10594-0031.pth,/home/kenkim/librispeech/txt/train/1970-10594-0031.txt,/home/kenkim/librispeech/feature_stft_complex_400ms/train/1970-10594-0031.pth,0.04126448539755749,0.03285880093640065,0.04311543934662604,0.0465246812467572,0.04255902006044608
/data4/kenkim/multiCH/Dereverb_4IR_no_noise/train/20_RIR_1_1699-141160-0006.pth,/home/kenkim/librispeech/txt/train/1699-141160-0006.txt,/home/kenkim/librispeech/feature_stft_complex_400ms/train/1699-141160-0006.pth,0.030989178253488965,0.02733450065860597,0.03381692799976968,0.03454450074627349,0.028260783609306717
/data4/kenkim/multiCH/Dereverb_4IR_no_noise/train/70_RIR_2_5831-87174-0017.pth,/home/kenkim/librispeech/txt/train/5831-87174-0017.txt,/home/kenkim/librispeech/feature_stft_complex_400ms/train/5831-87174-0017.pth,0.04446250887313914,0.03824265517871427,0.04695324420261006,0.04891012459302419,0.04374401151820807
/data4/kenkim/multiCH/Dereverb_4IR_no_noise/train/181_RIR_4_8778-246972-0024.pth,/home/kenkim/librispeech/txt/train/8778-246972-0024.txt,/home/kenkim/librispeech/feature_stft_complex_400ms/train/8778-246972-0024.pth,0.029294883874418674,0.02150413751159146,0.031750082255252374,0.03356228068490299,0.030363035045927866
/data4/kenkim/multiCH/Dereverb_4IR_no_noise/train/120_RIR_3_688-46588-0033.pth,/home/kenkim/librispeech/txt/train/688-46588-0033.txt,/home/kenkim/librispeech/feature_stft_complex_400ms/train/688-46588-0033.pth,0.03523411301539624,0.03724350127475344,0.04096089380423415,0.03441882414646584,0.028313232836131526
/data4/kenkim/multiCH/Dereverb_4IR_no_noise/train/92_RIR_2_217-122443-0080.pth,/home/kenkim/librispeech/txt/train/217-122443-0080.txt,/home/kenkim/librispeech/feature_stft_complex_400ms/train/217-122443-0080.pth,0.045026517340712335,0.036545948487179306,0.05108268069354716,0.04451659015259946,0.047960850029523425
/data4/kenkim/multiCH/Dereverb_4IR_no_noise/train/174_RIR_4_6590-64285-0038.pth,/home/kenkim/librispeech/txt/train/6590-64285-0038.txt,/home/kenkim/librispeech/feature_stft_complex_400ms/train/6590-64285-0038.pth,0.029075482719733984,0.02295716356006054,0.02997020542434854,0.03352222959772479,0.029852332296802078
/data4/kenkim/multiCH/Dereverb_4IR_no_noise/train/171_RIR_4_1572-141715-0010.pth,/home/kenkim/librispeech/txt/train/1572-141715-0010.txt,/home/kenkim/librispeech/feature_stft_complex_400ms/train/1572-141715-0010.pth,0.036435210147031175,0.029215606629872097,0.040153931249368176,0.04026795045962647,0.03610335224925794
/data4/kenkim/multiCH/Dereverb_4IR_no_noise/train/104_RIR_3_6189-64708-0039.pth,/home/kenkim/librispeech/txt/train/6189-64708-0039.txt,/home/kenkim/librispeech/feature_stft_complex_400ms/train/6189-64708-0039.pth,0.034063022169791714,0.03538298049479738,0.03880077915358128,0.03315559606150099,0.028912732969287192
/data4/kenkim/multiCH/Dereverb_4IR_no_noise/train/139_RIR_3_4629-19366-0091.pth,/home/kenkim/librispeech/txt/train/4629-19366-0091.txt,/home/kenkim/librispeech/feature_stft_complex_400ms/train/4629-19366-0091.pth,0.033276281069161626,0.03399081968304575,0.03891266591808863,0.03233746485557917,0.027864173819932933
/data4/kenkim/multiCH/Dereverb_4IR_no_noise/train/125_RIR_3_4824-36027-0009.pth,/home/kenkim/librispeech/txt/train/4824-36027-0009.txt,/home/kenkim/librispeech/feature_stft_complex_400ms/train/4824-36027-0009.pth,0.041766249302301814,0.04340353526511233,0.045519321081568115,0.04284481603819412,0.03529732482433268
/data4/kenkim/multiCH/Dereverb_4IR_no_noise/train/16_RIR_1_319-134959-0068.pth,/home/kenkim/librispeech/txt/train/319-134959-0068.txt,/home/kenkim/librispeech/feature_stft_complex_400ms/train/319-134959-0068.pth,0.025436723019046134,0.023882442934771254,0.026518767105112775,0.02824085331746464,0.02310482871883588
/data4/kenkim/multiCH/Dereverb_4IR_no_noise/train/169_RIR_4_3927-6557-0060.pth,/home/kenkim/librispeech/txt/train/3927-6557-0060.txt,/home/kenkim/librispeech/feature_stft_complex_400ms/train/3927-6557-0060.pth,0.029155593734834343,0.02490439084699677,0.03064319658690101,0.03248581275382202,0.02858897475161758
/data4/kenkim/multiCH/Dereverb_4IR_no_noise/train/155_RIR_4_1513-140222-0065.pth,/home/kenkim/librispeech/txt/train/1513-140222-0065.txt,/home/kenkim/librispeech/feature_stft_complex_400ms/train/1513-140222-0065.pth,0.028980507611341907,0.025866044632655464,0.03156385328921601,0.029730408114738028,0.028761724408758127
/data4/kenkim/multiCH/Dereverb_4IR_no_noise/train/102_RIR_3_8108-280354-0023.pth,/home/kenkim/librispeech/txt/train/8108-280354-0023.txt,/home/kenkim/librispeech/feature_stft_complex_400ms/train/8108-280354-0023.pth,0.030349875205599015,0.03229720843339198,0.0351543900860403,0.029067393264612128,0.024880509038351647
/data4/kenkim/multiCH/Dereverb_4IR_no_noise/train/192_RIR_4_4280-185518-0093.pth,/home/kenkim/librispeech/txt/train/4280-185518-0093.txt,/home/kenkim/librispeech/feature_stft_complex_400ms/train/4280-185518-0093.pth,0.024393070420981978,0.02255911201493495,0.024902374468173723,0.026378523617039712,0.023732271583779524
/data4/kenkim/multiCH/Dereverb_4IR_no_noise/train/15_RIR_1_1849-138063-0001.pth,/home/kenkim/librispeech/txt/train/1849-138063-0001.txt,/home/kenkim/librispeech/feature_stft_complex_400ms/train/1849-138063-0001.pth,0.029401688847416913,0.02715289323962726,0.032016170989928004,0.031884598975705385,0.026553092184407007
/data4/kenkim/multiCH/Dereverb_4IR_no_noise/train/87_RIR_2_5940-54016-0061.pth,/home/kenkim/librispeech/txt/train/5940-54016-0061.txt,/home/kenkim/librispeech/feature_stft_complex_400ms/train/5940-54016-0061.pth,0.031215061508811013,0.028419824658422854,0.032736262477179125,0.032420070421810734,0.03128408847783133
/data4/kenkim/multiCH/Dereverb_4IR_no_noise/train/57_RIR_2_8459-285173-0042.pth,/home/kenkim/librispeech/txt/train/8459-285173-0042.txt,/home/kenkim/librispeech/feature_stft_complex_400ms/train/8459-285173-0042.pth,0.03212781772089485,0.026160535331778322,0.03321416941681378,0.03651633451323906,0.03262023162174823
/data4/kenkim/multiCH/Dereverb_4IR_no_noise/train/199_RIR_4_6308-68358-0026.pth,/home/kenkim/librispeech/txt/train/6308-68358-0026.txt,/home/kenkim/librispeech/feature_stft_complex_400ms/train/6308-68358-0026.pth,0.03582847580300889,0.030722784920208402,0.0388252849639617,0.0399351981653988,0.03383063516246665
/data4/kenkim/multiCH/Dereverb_4IR_no_noise/train/85_RIR_2_110-2-0041.pth,/home/kenkim/librispeech/txt/train/110-2-0041.txt,/home/kenkim/librispeech/feature_stft_complex_400ms/train/110-2-0041.pth,0.03626361091798366,0.031368685817160666,0.03808653434263004,0.03799463214559913,0.037604591366544815
/data4/kenkim/multiCH/Dereverb_4IR_no_noise/train/78_RIR_2_4148-183988-0055.pth,/home/kenkim/librispeech/txt/train/4148-183988-0055.txt,/home/kenkim/librispeech/feature_stft_complex_400ms/train/4148-183988-0055.pth,0.03591269855381177,0.03016257149805133,0.03764411170517014,0.03950477965422163,0.03633933135780395
/data4/kenkim/multiCH/Dereverb_4IR_no_noise/train/178_RIR_4_8687-216570-0001.pth,/home/kenkim/librispeech/txt/train/8687-216570-0001.txt,/home/kenkim/librispeech/feature_stft_complex_400ms/train/8687-216570-0001.pth,0.030045631415994173,0.023939384177074346,0.032205594674465286,0.033962638356563477,0.03007490845587359
/data4/kenkim/multiCH/Dereverb_4IR_no_noise/train/94_RIR_2_5740-39910-0004.pth,/home/kenkim/librispeech/txt/train/5740-39910-0004.txt,/home/kenkim/librispeech/feature_stft_complex_400ms/train/5740-39910-0004.pth,0.04255844084309779,0.033262243477654684,0.04382391499376219,0.04898959072475762,0.04415801417621669
/data4/kenkim/multiCH/Dereverb_4IR_no_noise/train/156_RIR_4_5487-4873-0000.pth,/home/kenkim/librispeech/txt/train/5487-4873-0000.txt,/home/kenkim/librispeech/feature_stft_complex_400ms/train/5487-4873-0000.pth,0.03229054682439583,0.0319125147499473,0.035580090500549555,0.030547461751737573,0.031122120295348887
/data4/kenkim/multiCH/Dereverb_4IR_no_noise/train/186_RIR_4_4042-12369-0109.pth,/home/kenkim/librispeech/txt/train/4042-12369-0109.txt,/home/kenkim/librispeech/feature_stft_complex_400ms/train/4042-12369-0109.pth,0.02897451403145077,0.023981611666404223,0.029280743009907975,0.03317522481075902,0.02946047663873186
/data4/kenkim/multiCH/Dereverb_4IR_no_noise/train/159_RIR_4_6145-54685-0056.pth,/home/kenkim/librispeech/txt/train/6145-54685-0056.txt,/home/kenkim/librispeech/feature_stft_complex_400ms/train/6145-54685-0056.pth,0.03157239353988264,0.02713611807746205,0.03702345814716991,0.029804338761843227,0.03232565917305537
/data4/kenkim/multiCH/Dereverb_4IR_no_noise/train/47_RIR_1_31-121970-0023.pth,/home/kenkim/librispeech/txt/train/31-121970-0023.txt,/home/kenkim/librispeech/feature_stft_complex_400ms/train/31-121970-0023.pth,0.02462878995228077,0.023050967547600765,0.027813300628658773,0.026957352079742404,0.020693539553121133
/data4/kenkim/multiCH/Dereverb_4IR_no_noise/train/50_RIR_1_4837-285896-0005.pth,/home/kenkim/librispeech/txt/train/4837-285896-0005.txt,/home/kenkim/librispeech/feature_stft_complex_400ms/train/4837-285896-0005.pth,0.03468934305290264,0.03013471213445187,0.038179500666716146,0.040591138292438364,0.02985202111800417
/data4/kenkim/multiCH/Dereverb_4IR_no_noise/train/88_RIR_2_4770-25951-0095.pth,/home/kenkim/librispeech/txt/train/4770-25951-0095.txt,/home/kenkim/librispeech/feature_stft_complex_400ms/train/4770-25951-0095.pth,0.0414635363452001,0.037776990567377704,0.04280948925165849,0.04500140048606847,0.04026626507569574
/data4/kenkim/multiCH/Dereverb_4IR_no_noise/train/43_RIR_1_3380-64298-0021.pth,/home/kenkim/librispeech/txt/train/3380-64298-0021.txt,/home/kenkim/librispeech/feature_stft_complex_400ms/train/3380-64298-0021.pth,0.0317602030986717,0.02839885012445783,0.03419637716966577,0.036112735995023126,0.028332849105540073
/data4/kenkim/multiCH/Dereverb_4IR_no_noise/train/136_RIR_3_1715-142315-0050.pth,/home/kenkim/librispeech/txt/train/1715-142315-0050.txt,/home/kenkim/librispeech/feature_stft_complex_400ms/train/1715-142315-0050.pth,0.021272301506111875,0.02129216567691383,0.023830111950888678,0.021624116516304363,0.018342811880340634
/data4/kenkim/multiCH/Dereverb_4IR_no_noise/train/170_RIR_4_1487-133273-0024.pth,/home/kenkim/librispeech/txt/train/1487-133273-0024.txt,/home/kenkim/librispeech/feature_stft_complex_400ms/train/1487-133273-0024.pth,0.027117103187505567,0.021811242249874987,0.028539675046373912,0.03064728766134764,0.02747020779242573
/data4/kenkim/multiCH/Dereverb_4IR_no_noise/train/25_RIR_1_8575-290349-0035.pth,/home/kenkim/librispeech/txt/train/8575-290349-0035.txt,/home/kenkim/librispeech/feature_stft_complex_400ms/train/8575-290349-0035.pth,0.028474505853318198,0.02625486131792039,0.030948883040997247,0.030637164825809998,0.02605711422854516
/data4/kenkim/multiCH/Dereverb_4IR_no_noise/train/137_RIR_3_1018-133447-0029.pth,/home/kenkim/librispeech/txt/train/1018-133447-0029.txt,/home/kenkim/librispeech/feature_stft_complex_400ms/train/1018-133447-0029.pth,0.03435412103355611,0.034875031723281484,0.04012015460716463,0.03354350548864773,0.02887779231513059
/data4/kenkim/multiCH/Dereverb_4IR_no_noise/train/101_RIR_3_14-208-0055.pth,/home/kenkim/librispeech/txt/train/14-208-0055.txt,/home/kenkim/librispeech/feature_stft_complex_400ms/train/14-208-0055.pth,0.03350700885130718,0.03311568450382914,0.03696151327832534,0.03405455566689931,0.02989628195617494
/data4/kenkim/multiCH/Dereverb_4IR_no_noise/train/128_RIR_3_5019-38670-0034.pth,/home/kenkim/librispeech/txt/train/5019-38670-0034.txt,/home/kenkim/librispeech/feature_stft_complex_400ms/train/5019-38670-0034.pth,0.031381531842678986,0.031843158561274496,0.03666047201612441,0.03135665740565746,0.025665839387659595
/data4/kenkim/multiCH/Dereverb_4IR_no_noise/train/90_RIR_2_2498-134816-0012.pth,/home/kenkim/librispeech/txt/train/2498-134816-0012.txt,/home/kenkim/librispeech/feature_stft_complex_400ms/train/2498-134816-0012.pth,0.03893898621510238,0.031172521639925524,0.04573110982239358,0.03767954969439116,0.04117276370369927
/data4/kenkim/multiCH/Dereverb_4IR_no_noise/train/55_RIR_2_1093-132891-0065.pth,/home/kenkim/librispeech/txt/train/1093-132891-0065.txt,/home/kenkim/librispeech/feature_stft_complex_400ms/train/1093-132891-0065.pth,0.035477515681115596,0.029181962105197093,0.03503686349205309,0.03823413956515359,0.03945709756205863
/data4/kenkim/multiCH/Dereverb_4IR_no_noise/train/113_RIR_3_728-348-0050.pth,/home/kenkim/librispeech/txt/train/728-348-0050.txt,/home/kenkim/librispeech/feature_stft_complex_400ms/train/728-348-0050.pth,0.03318557944059761,0.03448680969830099,0.04006345613128266,0.03220252082798307,0.0259895311048237
/data4/kenkim/multiCH/Dereverb_4IR_no_noise/train/152_RIR_4_8498-287357-0024.pth,/home/kenkim/librispeech/txt/train/8498-287357-0024.txt,/home/kenkim/librispeech/feature_stft_complex_400ms/train/8498-287357-0024.pth,0.031807584604627855,0.02671589821962778,0.03437394067973309,0.03533001799280211,0.030810481526348438
/data4/kenkim/multiCH/Dereverb_4IR_no_noise/train/26_RIR_1_2090-149737-0009.pth,/home/kenkim/librispeech/txt/train/2090-149737-0009.txt,/home/kenkim/librispeech/feature_stft_complex_400ms/train/2090-149737-0009.pth,0.033802860220261986,0.0319462691820811,0.03771730213753832,0.03480363737048837,0.030744232190940173
/data4/kenkim/multiCH/Dereverb_4IR_no_noise/train/119_RIR_3_884-129800-0020.pth,/home/kenkim/librispeech/txt/train/884-129800-0020.txt,/home/kenkim/librispeech/feature_stft_complex_400ms/train/884-129800-0020.pth,0.03076668044057182,0.03234165033888104,0.03619018363533556,0.030202466763404528,0.024332421024666134
/data4/kenkim/multiCH/Dereverb_4IR_no_noise/train/158_RIR_4_6300-39661-0072.pth,/home/kenkim/librispeech/txt/train/6300-39661-0072.txt,/home/kenkim/librispeech/feature_stft_complex_400ms/train/6300-39661-0072.pth,0.028506453263402117,0.0237664096970232,0.029639121489211297,0.03194315049632282,0.02867713137105116
/data4/kenkim/multiCH/Dereverb_4IR_no_noise/train/21_RIR_1_1250-135782-0028.pth,/home/kenkim/librispeech/txt/train/1250-135782-0028.txt,/home/kenkim/librispeech/feature_stft_complex_400ms/train/1250-135782-0028.pth,0.02921727892257018,0.024290087628948263,0.030135740132428826,0.03439896473984149,0.028044323189062137
/data4/kenkim/multiCH/Dereverb_4IR_no_noise/train/163_RIR_4_5062-294700-0007.pth,/home/kenkim/librispeech/txt/train/5062-294700-0007.txt,/home/kenkim/librispeech/feature_stft_complex_400ms/train/5062-294700-0007.pth,0.03313708670748931,0.027141137452104308,0.033486999171917387,0.037952401881441694,0.03396780832449386
/data4/kenkim/multiCH/Dereverb_4IR_no_noise/train/99_RIR_2_4057-12085-0024.pth,/home/kenkim/librispeech/txt/train/4057-12085-0024.txt,/home/kenkim/librispeech/feature_stft_complex_400ms/train/4057-12085-0024.pth,0.04262883091005247,0.03624535819115755,0.048441522565810045,0.04114501021747349,0.04468343266576879
/data4/kenkim/multiCH/Dereverb_4IR_no_noise/train/134_RIR_3_7794-295947-0024.pth,/home/kenkim/librispeech/txt/train/7794-295947-0024.txt,/home/kenkim/librispeech/feature_stft_complex_400ms/train/7794-295947-0024.pth,0.03657483623894381,0.03797012803513477,0.04192342288522617,0.036332761888289176,0.030073032147125114
/data4/kenkim/multiCH/Dereverb_4IR_no_noise/train/194_RIR_4_846-130985-0028.pth,/home/kenkim/librispeech/txt/train/846-130985-0028.txt,/home/kenkim/librispeech/feature_stft_complex_400ms/train/846-130985-0028.pth,0.026580267650325277,0.02184779588339901,0.02652574891568352,0.030594783941778912,0.02735274186043967
/data4/kenkim/multiCH/Dereverb_4IR_no_noise/train/172_RIR_4_3757-134141-0004.pth,/home/kenkim/librispeech/txt/train/3757-134141-0004.txt,/home/kenkim/librispeech/feature_stft_complex_400ms/train/3757-134141-0004.pth,0.03177434162167675,0.025726480183769482,0.03392018934599847,0.0362739824374195,0.031176714519519557
/data4/kenkim/multiCH/Dereverb_4IR_no_noise/train/54_RIR_2_5468-55142-0016.pth,/home/kenkim/librispeech/txt/train/5468-55142-0016.txt,/home/kenkim/librispeech/feature_stft_complex_400ms/train/5468-55142-0016.pth,0.04047559676787103,0.03031102395120751,0.04569363595032988,0.042048303271514646,0.0438494238984321
/data4/kenkim/multiCH/Dereverb_4IR_no_noise/train/19_RIR_1_3330-170956-0045.pth,/home/kenkim/librispeech/txt/train/3330-170956-0045.txt,/home/kenkim/librispeech/feature_stft_complex_400ms/train/3330-170956-0045.pth,0.03231082637796387,0.02951777569321445,0.03587743697156054,0.03425337751394058,0.029594715333139905
/data4/kenkim/multiCH/Dereverb_4IR_no_noise/train/40_RIR_1_2741-159386-0100.pth,/home/kenkim/librispeech/txt/train/2741-159386-0100.txt,/home/kenkim/librispeech/feature_stft_complex_400ms/train/2741-159386-0100.pth,0.029191086870494085,0.02567474011784522,0.032581276195869036,0.0324503922065498,0.026057938961712275
/data4/kenkim/multiCH/Dereverb_4IR_no_noise/train/7_RIR_1_5719-233361-0040.pth,/home/kenkim/librispeech/txt/train/5719-233361-0040.txt,/home/kenkim/librispeech/feature_stft_complex_400ms/train/5719-233361-0040.pth,0.030610491485549007,0.02639287247619294,0.03320231574603794,0.035832073699356794,0.027014704020608342
/data4/kenkim/multiCH/Dereverb_4IR_no_noise/train/151_RIR_4_1699-141159-0019.pth,/home/kenkim/librispeech/txt/train/1699-141159-0019.txt,/home/kenkim/librispeech/feature_stft_complex_400ms/train/1699-141159-0019.pth,0.029474408291110137,0.02471426160999992,0.03169408397984948,0.03202194453010296,0.0294673430444882
/data4/kenkim/multiCH/Dereverb_4IR_no_noise/train/124_RIR_3_1756-134820-0011.pth,/home/kenkim/librispeech/txt/train/1756-134820-0011.txt,/home/kenkim/librispeech/feature_stft_complex_400ms/train/1756-134820-0011.pth,0.03912301022416301,0.04236156751537989,0.04197731178606064,0.03702934957900695,0.03512381201620454
/data4/kenkim/multiCH/Dereverb_4IR_no_noise/train/148_RIR_3_2911-15084-0007.pth,/home/kenkim/librispeech/txt/train/2911-15084-0007.txt,/home/kenkim/librispeech/feature_stft_complex_400ms/train/2911-15084-0007.pth,0.028586498357435902,0.028843806896992938,0.03326433495370411,0.028419142247087602,0.023818709331958954
/data4/kenkim/multiCH/Dereverb_4IR_no_noise/train/109_RIR_3_7264-92310-0009.pth,/home/kenkim/librispeech/txt/train/7264-92310-0009.txt,/home/kenkim/librispeech/feature_stft_complex_400ms/train/7264-92310-0009.pth,0.030274662250562637,0.03153211403574037,0.03560207007686001,0.028967542941038038,0.024996921948612125
/data4/kenkim/multiCH/Dereverb_4IR_no_noise/train/168_RIR_4_4019-8899-0049.pth,/home/kenkim/librispeech/txt/train/4019-8899-0049.txt,/home/kenkim/librispeech/feature_stft_complex_400ms/train/4019-8899-0049.pth,0.033169148578858304,0.028701837301826526,0.03527975363283452,0.03630802733072774,0.03238697605004444
/data4/kenkim/multiCH/Dereverb_4IR_no_noise/train/34_RIR_1_2198-133546-0017.pth,/home/kenkim/librispeech/txt/train/2198-133546-0017.txt,/home/kenkim/librispeech/feature_stft_complex_400ms/train/2198-133546-0017.pth,0.01649764907898966,0.01769677710004102,0.01669865942842096,0.016291953965830178,0.015303205821666485
